X1,X2,X3,X4,X5,ID,Age,County
-0.0837843554981314,1.17924445326469,-0.268621468522359,0.17800661623484,0.199075360679011,8001,49.0940762123542,San  Mateo
-0.982943745280687,0.794877880424733,-0.118862315544551,0.00198148050541995,0.135822202937854,8002,20.119497800557,San_Francisco
-1.8750673214048,-0.820075563843464,0.0654545596270888,-1.81622869288223,-0.670092047406357,8003,17.7049382935861,San Mateo
-0.186144660710734,2.23811712167269,1.29091526544585,0.146649325881712,0.240699719745943,8004,20.6907028187574,Marin 
-0.63348569815203,1.55178897478748,-0.451448160018661,-0.137673698992189,0.62446359879237,8005,7.4013488306043,SF
1.09079746414669,0.373302944454583,1.95705748679004,-1.11151566847171,-0.632137234142664,8006,7.8126759264273,Marin
-0.913727274142924,0.951403819740886,0.852801329982507,0.067143227583965,-0.339664666736564,8007,23.8995043414791,Marin County
1.00163971155077,-2.00659313382379,1.76603505881213,0.775275704362173,-0.850788087290665,8008,35.7116469732931,SanFrancisco
-0.399266603219373,0.90045468865566,0.639583160429113,1.37876596151512,-0.830951667521272,8009,42.2894896183275,San Francisco
-0.468123054013521,0.715757631767744,0.705075977407768,1.27486772698211,0.213583535991382,8010,29.1249277103879,SanFrancisco
0.32696208288009,-0.75493899811455,-0.670310896819337,0.155412028170668,-0.463170812368134,8011,20.0262490350854,San  Mateo
-0.41274689835186,0.383097851050238,-0.816084951615946,-1.06530903326943,-0.870345730084108,8012,27.7068124832192,San_Francisco
0.562036469443694,-1.3652759984013,-0.788538423142582,0.633977567786661,-0.0674371597035657,8013,56.5512986122862,Marin County
0.663358259979942,-0.902491083837135,1.02688380135888,0.1712475439695,0.0224206989125877,8014,43.7895659462775,San Francisco
-0.602897283941171,0.760858161070659,-0.542391677355661,-0.196124322199379,0.137545665378092,8015,56.1765987326856,SF
0.698377688765528,0.666161166415655,-0.514577503519832,-0.781108231254624,-0.181382596096334,8016,12.2658056791086,San Mateo 
0.595846450456582,0.104490707402658,-0.522067703758361,-0.0909493278638229,-0.34730451209823,8017,13.6397052313875,Marin
0.452091825801422,1.00093026616482,0.436741240174143,-0.0919700473709697,0.816571740821186,8018,52.9929307462053,SanFrancisco
0.896743959833288,-2.30749865915419,0.584398728966901,-1.07036449088144,0.858659723737019,8019,61.7318575054931,San Mateo
0.572216514681207,0.00233330229495882,-2.22903063097731,0.875360238638143,-0.357894649700015,8020,39.943475144826,San Francisco
-0.411653013566155,0.120814783756698,-1.18851089862936,-0.221071378307915,-0.426083066785934,8021,31.9443644018867, San Francisco
-0.294327146217861,-1.31314550584131,-0.0959636970453699,-0.0292067284026535,-0.631692553977237,8022,41.460749299997,San Francisco
1.21857395731345,-1.17165950171684,1.47334479432919,-0.023649294301511,-1.24779304999567,8023,32.0223254175278,San Mateo 
0.244111426672306,-0.715401608360255,0.779246508803253,-0.52623968141725,-0.787348247000302,8024,42.8877430707119,San Mateo
-0.445151957603232,-1.05542951201431,0.790613446648602,-0.0181792566040278,0.930812255802396,8025,50.1726289899186,San  Mateo
-1.84780364439909,-0.310801418644999,-0.65771631955048,-1.84616117491596,-1.09960774555075,8026,30.2505258492408,San Francisco
-0.628825305126515,-1.50909973696136,-1.8702911522485,-0.41349134213163,0.834162935565442,8027,13.5845226857455,SF
-0.861080691887615,-1.40897224805278,0.236119190826733,-0.916979431982978,-0.505982153603605,8028,45.4982055897065,Marin County
1.51492029804473,1.4554628650943,-1.00480037259009,0.741147444317072,-0.0320679166579729,8029,42.4872660675181,Marin 
2.73523893261411,1.41146215616156,1.67884849865423,-1.04681118933055,1.98966758799567,8030,39.887616163763,San Mateo 
-0.274877063859403,-0.113372720582794,-0.5145840116136,-0.771418933090177,-0.416909315354235,8031,24.189653216761,Marin County
1.27665406508942,-0.16032964605941,-0.523480530758057,-1.45458216523492,-1.27809882319492,8032,15.8588903189834,San Francisco
-0.810980343903078,0.184934724665631,-0.163278410703458,-0.169991476816348,-0.391702152774926,8033,40.9171378644157,SF
-0.0449227760838308,-0.921570360583182,0.428295848821185,0.289664786630999,0.678462809508056,8034,53.6323584967786,San Mateo
-0.639412375164213,0.95035798857014,-1.48264033555256,0.723272639949788,-0.491606873937369,8035,39.626129289172,San_Francisco
-0.43835599698435,0.732509694982128,0.0213996412768041,-1.50176139709957,-1.07708529980154,8036,10.7783170840451,SF
0.507202201016237,0.0837742123767214,-1.09878390992151,-0.487845584340806,-0.793889290862661,8037,31.6507083886795,SF
1.12921919723672,-0.799666294051189,-1.85273885182451,0.157381155628726,-1.00113954409582,8038,18.749703810432,San Mateo 
0.975637652505943,-0.806574289361224,0.99140385647499,1.15599416036725,-1.22439732010297,8039,22.790875997432,SF
-0.124603793241103,1.26969187301172,-1.0535291692057,1.98938683419557,-0.168661264602401,8040,42.5654335784181,San_Francisco
0.428336579260674,-0.881677398922594,0.813007467522899,1.20474309718844,-1.19762174978444,8041,30.7652566957777,San Mateo 
0.418726359882032,-0.925209435870556,-0.0450518132590973,1.09707345238152,0.991816105472343,8042,14.5441218015239,Marin County
0.435466487033287,1.45855530072344,-0.560962873913773,-1.08572006681493,0.296019244304876,8043,31.6443149188372,San_Francisco
-0.204262093810099,0.552931331649375,-1.37707856046297,-0.944560421874459,-1.19601078619119,8044,11.9561168624898,SanFrancisco
0.30235349213565,-1.0954767800395,-1.15985072832843,-1.21263533171997,0.740934101155312,8045,15.0822363528431,Marin 
0.694357797150515,1.40109074550761,-0.740853564106143,-1.87604896577901,0.477373244128837,8046,-5.4866181121585,Marin County
2.37306566359656,-2.43875196837357,1.19448946432693,-0.164136976957705,-0.528561981840148,8047,30.1516073736998,San Mateo 
1.07597028517558,1.12813483567111,0.288895448101369,1.6396444851209,-0.66438585575986,8048,35.4496940417908, San Mateo
0.335384775137495,0.0423888341410562,0.222165631478456,-0.320991600267055,1.00962324327209,8049,-6.61090770438024,San Francisco
0.753428233153259,-0.922344805594063,-0.521556330075006,-0.573099409411316,0.346328548231285,8050,29.9076541146438,San Mateo
0.664386277368141,0.291312805246721,0.790563190915571,-0.757492021756502,-0.567986379662791,8051,17.6064155594643,San Francisco
-1.09088265626008,0.269036272656955,-0.260194139836448,0.0514860017526474,-0.188625184099851,8052,18.4837150936399, San Mateo
-0.422770849136556,-0.163537876151103,0.00548780095299566,0.891991311203816,0.371044604774375,8053,8.92089763722014,San Mateo
1.18340203906721,-1.06525767182556,0.164891229516592,1.44783454677593,0.260863393030092,8054,9.78100695683449,Marin
1.58482678928819,-0.711111216249869,-0.143263131851471,-1.30953076680374,0.241328718268618,8055,3.0325294870922, San Mateo
2.28085536916773,1.40327450086693,0.874955300651499,-0.55762961963355,-0.383398380218295,8056,10.3303849563892,SanFrancisco
-2.06545705078335,2.75510086546069,-1.97299313314388,0.0757447811287287,-1.95815106795495,8057,36.9507682398927,San Francisco
-0.408111969631199,-0.320675941087473,0.338121259728577,1.66766262113244,-0.74418382016547,8058,16.3196293587812,Marin County
0.301014566354135,-1.35386139741986,-1.3642573911583,0.953963173643291,1.27661846994009,8059,17.5272413904149, San Francisco
0.696613077672843,-0.638741848692172,2.18716394669244,-1.21733035226212,-0.462071505046265,8060,33.3896209785875,SF
0.988183868483338,-0.739978059680067,-0.985438285432681,-0.084406425538632,0.229092085869943,8061,60.1916257501249, San Francisco
-0.284063233501423,0.80730092558859,-0.557747348665713,-0.119976605426502,-0.790968326590892,8062,-4.26038878590143,SanFrancisco
-1.92226746856743,1.07728599916027,0.547392240803291,-1.38647770739484,0.682315588486623,8063,14.265051221212,SF
-1.17371979920832,-0.962511141568826,1.49175691528493,-0.810969287041799,0.540816795557884,8064,18.2177700126577,San Mateo 
1.04428274320649,0.753379041274198,0.813517245358691,-0.653711846626161,-1.56805547658133,8065,55.2984794944521,SanFrancisco
-0.132928101745741,0.707725532793208,1.01179940084455,-1.15749050217423,1.61457706374222,8066,23.0917357135434,San_Francisco
0.844877041274235,0.390022556045818,1.69757256593022,-0.235365417653506,0.111871026573362,8067,35.7435775032825, San Mateo
-0.371592548239493,1.37297935801532,1.18378454587621,-0.698605078124437,0.0940288882044131,8068,37.9032736959995,San  Mateo
1.0475838522476,1.05833566505881,-1.03441398132154,-0.296345788460975,0.55565323099677,8069,73.6429548095151, San Francisco
0.925415677408016,1.17538496510469,1.45949642077348,0.853037514605544,0.125642089602292,8070,12.7820178270993,Marin County
-1.47860533258139,-0.112811207756277,0.49170976742641,-0.280153164093772,0.604989439135031,8071,54.9949562975288,San Francisco
-0.922634940337402,0.491026630361306,-0.236612361408916,0.276104309506301,0.665142516398673,8072,4.84533776741179,Marin 
-0.0849024371363742,-0.288103451718807,-0.462209777945057,0.545328684943844,-1.95645561271759,8073,45.4802897830896,San Mateo
-0.866510044884447,1.46509374412194,-0.289579803393884,-1.31577223998701,2.28453145537594,8074,40.8123928091193,San  Mateo
0.675042362877111,-0.124231994068012,-0.157987690176356,-2.08197789335517,-1.74945508632376,8075,27.7420835705909,San_Francisco
-0.0807049057892036,-0.495274357839934,-1.11392666361749,-0.184677162521684,0.251839461058164,8076,52.3686848459775,Marin County
-0.125592610461777,-1.8751670372445,-1.41001476069061,2.0161279409349,-2.17244334113101,8077,46.3158159782396, San Francisco
-0.388331085409366,1.44873771420054,0.353633513522136,2.46867087478995,0.262168979573277,8078,23.3534547257453, San Mateo
0.0168273947273289,0.680163859410953,0.045227508368016,1.84263501860407,-1.00986415723073,8079,17.8824228109787,Marin
-1.12630658940315,-0.815208828620877,-0.217349751136882,-0.151980646901172,-0.174498925078388,8080,6.99236319602468,San_Francisco
0.218351811598922,-0.129003526669755,0.103392189891065,-0.0892913794874546,-0.174170756843497,8081,51.005725612428,SanFrancisco
1.74303686491593,0.996005343814897,-2.4076018760316,0.829371742575234,-1.20130811307964,8082,23.6479107607009,San Mateo 
-0.119578535160251,-1.70266518882335,0.768442629753636,0.118572690501191,0.31767075031223,8083,32.0448260197884, San Mateo
0.486179954957537,0.0218450338515436,-0.125702621375827,-1.64791649875044,0.990492210225852,8084,11.8298727627106,San  Mateo
0.141368518433072,-0.39832653934304,-0.404660158296548,1.50438650281526,0.00516976854764105,8085,33.7813401300728,San Mateo
0.307967646946754,-0.44832543714478,-0.475086739503989,1.51965940495608,-0.77765184394943,8086,17.3051907500778,Marin 
0.99408133780575,-0.157632403138964,-0.0923555826327017,-0.347422272086484,-0.763416441793506,8087,29.1794064436167,Marin 
-0.517811774565486,-0.789688715287482,1.5095133498955,-1.1695523459607,0.729399747999808,8088,43.7897733439348, San Mateo
-0.807136389319615,-0.585646801718545,-1.13903239645355,-1.0180651500561,0.79630056010961,8089,38.5439162246376,Marin
-1.92317896320922,-0.0751143297358326,-0.774857811764361,-1.13974746386066,-0.0613625388654086,8090,54.0384704745272,San Francisco
-1.38913850951647,-0.554592252407974,0.815574025801614,0.0788946233916114,0.117588272833684,8091,30.84149325798,SF
0.428670020192361,-0.14561661204973,-1.74016537547294,0.115925890543017,-2.18759255822379,8092,3.59669429696474, San Francisco
-0.293781418873438,0.900999828778822,-0.333775877278726,-1.91081800671832,0.258227115799707,8093,62.0549877361012,San Mateo 
2.27999878680494,-0.209105176695047,-1.25385065736019,-1.20562645914255,0.259457924923473,8094,22.9474628382814,San Francisco
-1.16451076133919,-0.57385363195241,0.326628171170332,0.242550312878142,0.550608682304131,8095,44.7461980077857,SF
1.2408676220725,1.19934726396393,-1.58906031477361,1.66507478588214,-0.331898322905747,8096,47.9389579508434,San Mateo
-1.49508385693131,0.35874279195516,0.913292642118238,2.82858056885091,-2.29561028979076,8097,15.1742555409798,SF
-0.231636328093292,-0.429884229385942,-0.307425165040555,-0.384205381810544,0.431004892011855,8098,42.0602121869015,SanFrancisco
-0.824866735659553,-0.816000605528397,-1.60912894201649,-1.03228089800153,0.577617278453629,8099,15.3896763416598,Marin
-1.32417313742059,-1.75303697650131,1.0112137968785,-1.41921143469092,0.303864359441326,8100,45.7520229137184,Marin 
0.0790136716478484,-0.783717706772916,1.53835549971488,-0.319055094870977,0.0544082636630132,8101,54.4494502002029,Marin County
-0.109241570385057,1.08898854290491,-0.239012532647298,-0.624236312618018,0.633761917390273,8102,35.8499923890548,Marin County
0.905524917973741,0.411355558995328,-1.61785209422225,0.912057061400339,-0.546202904043665,8103,46.2539202759553, San Francisco
0.975374608065209,-0.564996159469399,0.956625248403421,0.804701306486325,0.576320457817126,8104,12.0008752885648,Marin County
0.943082949302639,2.43807679465383,-1.41679865668167,0.62935532938081,-0.907203678148209,8105,50.5306022532852,San  Mateo
-0.0169728854987534,0.914393609325718,-0.182363433293182,0.822396857586092,-0.515625661371992,8106,35.3602817781615, San Francisco
-0.721597590600311,0.178067419890251,-1.24878886776663,0.765202837957016,-0.915915095663019,8107,30.082916246193,Marin 
0.30054139771732,-0.961494894448325,0.264109631419106,-0.607912712728999,-1.49721843600461,8108,54.9968247350868,SanFrancisco
-0.903117125473575,0.854496936555652,0.542286009655728,1.36870798286901,0.709168730922327,8109,7.95100945051409,Marin County
1.38769444634591,-0.832295125956456,-0.5149545907017,-0.738419442466096,1.38978370947371,8110,14.1815532562944,San  Mateo
0.66988609023047,0.128398875273934,0.0895666101881601,0.124854080883166,0.131322946866543,8111,18.118915910689,Marin
0.0061423714279446,-0.323440906784592,0.00684857796084746,-1.00508683699273,0.225410201970608,8112,35.7723406579543,San Mateo 
0.26516637198965,1.66081784627894,-1.93252352206988,-1.18249664802586,-1.35219430466245,8113,20.9675705850681, San Francisco
-2.06109574678885,0.741634228304763,1.27136805027453,-0.712433202048235,1.50158570184808,8114,34.8514743068087, San Francisco
0.752977195573663,-0.621689559258998,-1.00810785967283,-1.07251231725931,-0.0588341174572145,8115,33.762576870373,San Mateo
0.00942315056140713,1.09528837271217,0.821428421577263,1.10724524112906,0.284242865950108,8116,26.0480799386894,Marin 
-1.004842033988,0.782539411838702,-0.772758148960258,-0.780163637441201,-0.60090479251893,8117,45.0844579386994,SanFrancisco
2.57924777423746,-1.67605802957406,0.965248488615645,1.84240066808669,-0.0380192209505847,8118,38.9110824893451,San Francisco
0.701311418048134,-0.383280768899085,-1.05693764245421,-1.17428334287792,0.272751145576377,8119,73.314063869614, San Francisco
1.87923823775967,-1.06959124227297,-0.508585532500276,0.51428754672462,1.25143716714271,8120,20.9177627911945,San Mateo
-0.475061689344652,0.485971076113238,-0.894007321196624,0.0390337643329119,-1.31495830850636,8121,54.5348590173165,SF
0.368079939539795,-1.46673231293127,-0.904849947109008,-0.470731543223914,1.18942987812433,8122,23.7509997310841, San Francisco
0.103540632491405,-0.538750370352125,-1.07281393156418,-0.936039519964577,0.0245933794258194,8123,-0.443487317259994,San  Mateo
0.34634167179303,-0.586479318213338,-0.979750499899324,-0.684607768443141,0.946727538604304,8124,39.6090415656092,SF
-0.768364973239227,-0.343751363860138,0.853911847127435,0.46224846863533,0.608597410106515,8125,7.74691877448303,San Mateo 
1.09913892890434,-1.88844464267006,-1.22613793355837,0.445058036515145,-0.595667434074488,8126,39.4548108396056,SanFrancisco
-0.694490471150411,0.11231016774031,0.587863028029263,-0.00392589697717323,0.999003779526253,8127,19.8975462219671, San Francisco
-0.203943674175285,0.498323092221532,-0.746318507884828,-0.454671552759386,-0.0265154521519343,8128,28.8639041828741,San Mateo
-0.329771494540104,-1.26395534712581,0.615096762670626,-0.403833836474264,-1.51520097907753,8129,32.7993095071118, San Francisco
1.2507176000334,0.609001513449263,-0.908753699507039,-0.466209660433647,0.278388798441021,8130,26.0193382290356,Marin
-0.120698051197787,0.720668986871874,1.98690087619645,1.07762010412803,-1.13906444539612,8131,19.1704356837261,SF
2.3981191779088,0.265653502899872,0.739020412195834,0.86575976484213,0.783680308797905,8132,30.4534188104027,SF
0.353052066895018,-2.4133280349991,-0.79361793371618,-1.15493424389408,-0.64645335697264,8133,53.969861459472,San Francisco
0.951604942001159,-0.5367387428192,0.694016461591618,-2.93040753884143,-0.492464672331389,8134,34.8121347499877,San Francisco
-0.315766040914855,0.908034612449837,0.225054146218814,-0.187764387673394,1.63010144015219,8135,24.661224692548,San Mateo 
1.31553041958197,-1.79443397522263,0.891367589514531,-1.16657422861573,-0.581291711512456,8136,-3.79920562744316,Marin
-1.83879794832658,-0.621901875086191,-1.55801844319529,-0.940689942489371,1.4826337490089,8137,29.2241749316588, San Mateo
0.634912092178168,1.33662344161378,1.72253856156404,-0.479598629412199,-0.0896971660794119,8138,32.1529244520063,San Mateo 
-0.180486903812968,0.884637223668333,-0.374219934385651,0.518314400106501,-0.545045105622408,8139,49.861123973049,San Mateo
0.380531594917427,1.98402252592352,1.25304871363226,-0.692191386644117,-0.876114231728123,8140,-8.24139612022849,San Mateo 
-0.230141929482195,0.0752266065339389,1.33773673265332,-0.48926393387435,-0.149068199680119,8141,14.6517148835149,San_Francisco
-0.152502488288276,-0.809686616028224,0.480090727706995,-1.67875680719086,-0.726256069297088,8142,35.1143669525901,San Francisco
0.685477818666845,-0.2597360896849,1.18493556936223,-0.423167233332257,-0.190461190519837,8143,23.7867976377457,Marin
-1.73836892988563,-1.4885485482208,-1.29601744785321,-0.0145689671228628,-0.646668855439654,8144,11.3820653276081,Marin 
4.48001066952772e-05,-0.640067881604078,0.0194050279158784,-1.18409875151017,-0.303011055943515,8145,41.6070436546996,Marin 
0.559900235301536,-0.366749024701982,-0.554292564083428,0.358625004146985,-1.15113057067145,8146,67.639860108635,San Mateo
0.366182720715052,-0.335050946641808,0.547889182773762,-1.71907765585114,-0.910900103640386,8147,25.3381910444268,San_Francisco
0.151698371975573,-0.948284587995948,0.533532464535432,2.55112977273344,-0.766494007787417,8148,41.859538078719, San Francisco
-0.113320781500103,0.260231271484248,-0.0890488406974739,0.206104827450601,0.426231922121259,8149,47.3655059189568,SF
-0.513858843660135,1.27734678978384,-0.234957652489448,-0.091035620918144,0.860504577849211,8150,70.7556367268514,Marin County
0.457964980264325,-0.44854481659349,1.44728020092906,0.183207290666875,-1.40857348621435,8151,25.2590429515891,San_Francisco
2.70467563352701,1.21602895369447,0.864325265506313,0.849741446055247,-1.32255240487463,8152,58.1866562242922,SF
-1.17051678488231,-2.54251264063205,-0.000375716392313184,0.781862039291451,0.098897867029813,8153,6.07568959607658,San  Mateo
0.92456410234352,-0.888402483416235,-1.07706348319834,-0.481300464471638,-1.29461290779197,8154,22.1714777594315,San Mateo
-0.62128347954665,0.375540058116917,0.256386500273179,0.93543943377191,-1.05575718693864,8155,2.25484790080516,Marin County
0.926982816146311,2.41222305740932,1.53772510812819,0.24320763099905,-1.01973137337621,8156,51.2952838887951,SF
0.382992568110292,0.217118843524037,0.02793528695325,1.11977663524344,-1.54636897336258,8157,0.433898047665782,SanFrancisco
0.00165853464914926,1.34217455435457,-1.57861533682316,-0.443235528057152,-0.264790370917894,8158,29.3913814084824,San Mateo 
0.756699254138847,0.335355059859903,-0.0276893574987039,0.232409266867028,-1.15927923737879,8159,-12.8022621702971,San  Mateo
1.59310275196004,0.169128995958352,-0.223836879840687,0.211201425924675,-0.226243719224572,8160,18.765416058834,Marin County
1.72325562210299,1.55042491258035,-0.0700858811039953,-0.00917778399554504,1.04211538403681,8161,1.58381234019753, San Francisco
0.326433694876971,0.339913153016275,0.022196887628645,2.11750321179087,0.00204509235620553,8162,19.1769460003678,San  Mateo
0.514933899554831,-0.799717161999512,-1.13348170413314,0.379767899266754,1.39747876398622,8163,19.9233260682939,San Mateo 
0.800007806539706,1.17016601396512,-0.285829591237172,-0.0248349807212581,0.553605424330694,8164,46.3550719361616,SF
-0.940884853125382,-0.788541340727987,0.0360573621966909,1.36666262127597,-0.0357226150604981,8165,14.8039592936314,SF
0.347603253996574,0.272849245825248,-0.745675371946771,0.671112219681872,-0.552893557714829,8166,20.0996439040739,San Mateo 
-0.116766575168977,0.661113784645621,-0.427136208166731,0.857178294920674,-0.918691467080717,8167,9.77220457524034,Marin
-0.0800212896976721,0.946202707233192,0.845841256778712,0.216984219849595,-0.898397768637621,8168,19.1918174238678,SanFrancisco
0.279241028130272,1.02163799135642,-0.123252258402745,0.214242951305862,0.269672469880838,8169,70.35863479948,San Mateo
-0.0074660251218846,-0.920011164895589,-0.325383406093724,-0.57093703463304,0.213994918067524,8170,61.9081612930132,San Francisco
0.474471800090862,-1.87258246961099,0.967437756041846,-0.282095570834388,1.13629608574928,8171,22.1889851764767,San Francisco
0.293940410551698,-1.73931015214931,-0.847938413239567,-0.657123254716976,-1.33182802987755,8172,28.8378065090512,Marin
-0.852783616625879,-1.36540701180643,0.489306307451659,-1.36112051688871,0.805735834150617,8173,24.6029230568642,Marin
-1.83689004263197,0.393309323133496,0.680687952517674,-0.645766925175363,1.26015127587075,8174,6.19524227704481,San Francisco
-1.1065381494466,0.465581733420511,0.527356600602455,-1.15087380448972,0.222841517612586,8175,0.489065709341396,Marin County
-0.489733440513906,0.0067115977154484,-0.259459233547671,-1.399807095293,0.678329964407439,8176,-9.81379314495874,SanFrancisco
1.9873556906309,0.488314048486646,0.288319811161867,0.728470444534611,0.302669438622585,8177,75.2985439229057, San Francisco
-1.31198892178405,1.08561747318491,0.28761553455997,-1.07910931608363,0.814408874293832,8178,35.7343131916698, San Mateo
-0.53401112323316,0.465791307100447,-0.0429731749214669,2.47316702834667,1.06555179782441,8179,3.97305422667693,San  Mateo
1.17237997020931,0.243971403449984,0.710921908338932,0.745372737056374,1.04244862856144,8180,9.55141043874976,San Mateo 
0.0511864550022508,0.622022942437037,0.605030941896175,0.106388770622431,-0.336543439477773,8181,24.3810012194838,San Mateo
0.00552468407074354,-1.79628803998239,0.237025417718486,-0.59015221115695,1.33693640471071,8182,43.067818015553, San Mateo
0.95582146298112,-0.145493064856483,-0.705684091702274,0.332903101701209,0.964142746003632,8183,-7.98200730589879,San Mateo 
0.242476144381336,-1.8990937187413,0.911048077197765,-0.493513723619621,-0.062717033905822,8184,6.64351434856224,San Mateo 
-1.01962773834275,-0.748205407633419,0.500412102908452,0.577062179305318,0.0885868415452373,8185,11.491742005443,SF
0.946748280909383,-1.18232849612221,-0.636126245070416,-0.0830661342428463,-2.78904822087228,8186,32.4788194309434,SanFrancisco
-0.357716678545525,1.06539549992437,-1.12445276434598,-0.199799733194855,1.2244903528643,8187,42.6615430048759,SF
0.754626070479988,-2.01524046228825,-1.79029070401641,-0.16791051589891,1.01728481080695,8188,21.2532145467936,Marin County
0.129731219512384,-0.655745129445721,0.526133087790717,1.31748121435253,-0.0289890095663937,8189,22.4257067830281,Marin County
-0.751492482260072,1.7050256252157,-1.62517433120851,1.17682982352914,0.914036602782677,8190,50.071312607162,SanFrancisco
0.267402852781021,-1.76874761314931,-1.6188821892746,-0.173867587760384,1.26513342441056,8191,6.93939818586987,Marin 
-0.321420885234351,-0.237643324687629,-0.184741331876415,3.19574254303879,-0.880830966242377,8192,12.6978781635176,Marin County
-0.948474264515701,-0.861205226647404,-0.921324954153538,1.22170854269289,0.539555625199978,8193,19.9080282728372,Marin County
-0.719635629844701,0.291655201838325,2.18564491010583,-0.118622219352889,0.564763523158502,8194,-0.907010450792601,San Mateo 
-0.590564010928914,0.810530456651281,-1.4721142126956,0.572513142168325,-0.461814848758917,8195,16.0561479485803,San Francisco
1.4296044677006,-0.857039147078569,2.29678804168231,1.28807581210341,-0.351620247335314,8196,35.658925188517,SF
1.78207683535439,0.131122507261635,0.82232993149604,0.793211315770374,0.123898517205581,8197,34.5231706737563,SanFrancisco
0.496328952104888,-0.487940841389391,-0.380861904436711,1.40958406537481,0.0387072866753414,8198,14.4461499056606,San  Mateo
1.55533943213329,0.0282183444408091,0.689984038843444,-1.31199634545548,-0.276507483599732,8199,76.9429628611645,San_Francisco
0.393484612432474,-0.346249534627086,0.318853164636728,1.37335617127025,0.529620296382972,8200,22.3954641583316, San Mateo
-1.9439118345582,1.39625811367271,1.01310924655049,1.31796630620171,-0.824115652355376,8201,25.990949778364,San_Francisco
1.52409653357063,-1.16176160655645,0.807534022251998,-0.8387390817002,-1.2016169870792,8202,-3.73516338900144,SanFrancisco
0.326622866608793,0.919278962516254,0.259569697021906,-1.87259923770822,-1.70144574976081,8203,28.607275956559,SF
2.36751448934769,1.90636132631221,-0.203538362806868,0.465600497530394,-2.43692774546066,8204,58.396245917729, San Mateo
0.543911923581611,-0.433951930172085,0.342423387068786,-1.158216288675,1.77403486605262,8205,20.7712760087681,SanFrancisco
0.763454952848444,-0.56713294145937,-0.583773089577341,-1.29186968575778,0.345838619406372,8206,21.9091387732865,San Mateo 
0.542695497868342,-0.735404449248082,1.83499694115742,1.5584496967564,-0.586085870670318,8207,45.7772371772211,SanFrancisco
0.0608629478218362,0.366115370280643,1.16380985143958,-0.556549472546481,1.83005509819151,8208,37.7825779951375,San Francisco
0.313434890613992,-1.44960437411829,-1.65786834478362,-0.469266361455002,0.538417279529454,8209,33.0341010626427,Marin 
-0.647464863850817,-0.304576331221327,0.43365997541762,1.52742661046369,0.719462709281672,8210,21.8281227974605,SanFrancisco
-1.62924906707572,1.40557847926529,-0.264635710085087,-0.586495240419516,1.99905935004529,8211,2.21028351101315,SF
0.189415413521858,1.09824042517228,0.555078320787405,0.111497856414371,-2.37428228930083,8212,18.8301997695187,San  Mateo
-0.515562548945796,-1.38228027381998,0.871346604480645,0.934363589296453,0.374071076119692,8213,66.5046723207133,Marin 
-0.978018387850581,-0.099943296222026,0.23214171303252,0.452117949099932,0.719219366828494,8214,22.1004825325009,San Mateo
0.123136782386628,0.102001231025468,1.48227047377382,0.0822188698495628,0.852692466166182,8215,29.8085660770305,San  Mateo
-0.576620564169915,-1.25513331822819,-1.6229620454978,-0.178702814956773,-1.32910422668569,8216,52.8168782252207,SF
-0.913896895951272,-1.55071014042519,0.804149802021404,-0.0164802168472848,1.09299621483968,8217,26.8022008903189,Marin County
-1.56553322904836,-2.14964255529169,-0.548743470966998,-0.656988590948061,1.0758941790903,8218,35.8954154275596,Marin
-0.268203626883229,-1.35909766341276,-0.0824669345112693,-0.327846004333182,-0.889672719379616,8219,9.29652614903784,San_Francisco
1.68968353336632,-0.519953062798572,-0.0780275607084833,0.390900658932352,-1.2824643778964,8220,36.5160815168533,San  Mateo
-1.99606939376831,0.755626343637208,0.134319921491587,-0.606599798287609,0.638586563696374,8221,37.4995268266515,San Francisco
-0.854405685189131,-0.795940816804107,-1.54964926738659,-0.893369967956168,0.193941543092652,8222,38.2622522796,Marin County
0.016269623774235,1.05296446657237,0.64647351431756,-0.829735494040281,-1.51308459272957,8223,42.8299583508937,San_Francisco
-1.48959486684155,-1.2828365560425,0.909454261256396,-2.09404022625475,-0.961499841630508,8224,6.71371414757459,San  Mateo
0.520313213463115,-0.321040726884846,1.18367210029899,-0.0362777365709123,-0.442713848252779,8225,59.1511966066507,San Mateo 
-1.44006735258356,-1.38772846959202,1.34425596762332,-1.08699585367034,-0.623575329626958,8226,44.3042674724654,SanFrancisco
-0.807024762499234,2.29291053774817,0.168592071048634,-1.50025942020132,0.40218241063625,8227,1.78113889499864,San  Mateo
-1.12311243743151,-1.05054307542334,-0.993441333009766,-0.538365099861259,2.36805953079175,8228,39.0937075662205,San Mateo 
-0.712685413431961,-1.11741409353163,-0.121003263921747,0.709235729974033,-0.964742042194963,8229,18.7457614258271,San_Francisco
-0.96360941192657,-1.17397041022525,1.41112313865973,0.169950337445085,-1.28006220717193,8230,33.8277894394886,Marin County
-1.21951194543204,0.0119814351246205,-1.23047026088826,0.541663480232598,-0.118937280728639,8231,24.9688894351193, San Francisco
0.141901305444891,-1.35146404204035,0.477313435341238,0.599165175756839,0.362494017288056,8232,26.3683861166476,Marin
-0.448868937332722,-0.457777831546921,-0.386953637455529,1.22351979603053,0.720053467493146,8233,0.469989281322128,SanFrancisco
0.388483539481337,0.0375855473507173,1.00260426458682,1.11337695959706,-0.485495838336022,8234,74.1872811202591,San  Mateo
-3.24594245366823,-0.474338501234098,0.104461440392525,-0.508802143151061,0.275737628123966,8235,73.1430386491703,San Mateo
-1.1917796533322,-0.201249084886002,0.924043728807926,1.31811137276126,-0.940269724611086,8236,2.42023474058681, San Mateo
1.41736401002889,-1.61497674222029,-1.68466471581174,-0.26702338829805,-0.903031888960296,8237,-1.18724431596989,San Mateo
0.408629470743699,-0.0511042537945245,0.254932026582603,1.81922969889999,0.760083150517598,8238,72.1893913906356,Marin 
-0.685743113127996,0.661444342483531,0.731125384751171,-0.841696593711058,-0.912888997966121,8239,61.9078734275354,San Mateo
0.594082664713447,1.86152729416064,-0.633920058032305,-0.122434951740771,-1.2507743404118,8240,29.5627426324607,Marin
-0.343744724039575,-0.222758551550254,-1.56619747744141,0.888040526538337,0.569890920797857,8241,9.51980808541012,San Francisco
-0.554470602396649,1.80894967528746,-0.584679048707384,-2.76649462186471,-0.266475816917878,8242,28.4898256936083, San Mateo
1.12130588772285,0.229037047729058,-0.752231511216856,1.57968595070026,0.466969310821056,8243,47.2160408266136, San Francisco
0.189851033317614,-0.349118797205156,1.03264831414925,0.382516265193202,-0.139435559729905,8244,45.9913064066198,San_Francisco
0.164932976321785,-0.267516357262576,0.232610839535807,-0.150750167472316,0.148607124774886,8245,63.9182537922666,Marin County
-0.697290228916329,-0.668758931057754,1.23275886055517,1.66391105102549,-0.412347791553668,8246,3.77001446009189,San Mateo 
-1.2208503135549,0.184791499735002,2.64157833688216,0.192660774637284,1.12508252721489,8247,31.7776200238611, San Francisco
0.490587254041769,0.257091202437877,0.567237236559981,-0.926611075700339,0.338697219676889,8248,13.8143792435749,SF
-1.47500015312537,0.273593103557313,-0.541679614751291,-0.0949384136525585,0.84974643632814,8249,-23.3574293151697,SanFrancisco
-1.28469944576524,-0.859515256061028,-0.526813013112093,-0.903171122287327,-2.51659247906793,8250,22.1222362854677,San Mateo
-1.20109253666656,-0.54032588247855,0.528868253139632,-0.0567560100131751,1.35962692766123,8251,8.97239052697481,SF
-1.32928381183369,0.707670611137162,-0.372263423743104,0.125793116105835,1.98164334593114,8252,35.8840009955745,San_Francisco
0.426615056038606,0.956171488569403,2.73015766763543,1.35554135040309,-0.183767853954067,8253,32.4775855822591,San Francisco
0.0561182948154087,0.355665969150938,-0.700320226537622,1.33871311452305,1.08473546109613,8254,29.9505105883121,San_Francisco
-0.649775941611835,-0.439316081447366,0.194890862581467,0.84206869061463,0.826485460429,8255,27.8229355018591,Marin County
1.09349285527233,1.64581581040743,1.62853678722002,0.288324369114878,1.57964357849378,8256,45.8519939101988,SanFrancisco
-0.376743907387002,0.667185448944742,-0.44781150544739,-0.907598043096089,-1.38269878072212,8257,33.0875220499954, San Francisco
-0.105144011744088,1.01735970585157,0.180549915276909,0.288325437599944,0.908094138828025,8258,18.4620245256615,San Mateo 
-1.22314788739981,-0.226692850305762,-0.559739521066381,-0.328135718547036,-0.456114680739361,8259,43.8771466290525,San Mateo
-0.714098646603429,-0.896674820881483,-0.0153981262809473,0.450108737511278,1.56163437916539,8260,45.5791719037059,SanFrancisco
0.287009870256963,-0.160141909265609,1.39280123899636,-0.410186389589439,0.183057157658509,8261,43.0870938794261,San Francisco
0.53011084099402,1.05949715023996,1.6613992044844,-0.0542324192335257,-2.8363816404359,8262,23.617638588498,Marin
-2.30917519433439,-1.9966795250669,0.13397383519242,-1.18319642845551,-0.0182184809448843,8263,42.6852916070574, San Mateo
-0.103229189953509,0.157489689646278,-0.289126693529713,0.132085577768948,-0.673659910444976,8264,29.8930380978715, San Mateo
0.313389976945155,-0.367445572181696,-1.11704378247695,-1.07125313402984,0.513507667946892,8265,2.02358981078394, San Francisco
-0.685323398884404,0.446690827663432,0.988509368774964,0.0486800898563203,-2.26727712257363,8266,14.899803624847,Marin 
-0.524836789526871,-1.13205624930931,-0.252291249475638,-0.197077321251374,1.43499862674046,8267,33.6420077220692,San Mateo
-0.73195476023225,-0.576898576834782,0.640578523020795,0.63628387479975,-0.514358499522064,8268,4.3363474879824,San Francisco
0.313691703723199,0.953029554042257,-0.289192945648529,-0.755517358283097,-1.29735598029413,8269,46.9260169837044,San Mateo
1.01930983726519,0.574771225018765,0.658537000570131,-1.22618713333681,-0.21542498465442,8270,18.1929150341555,SF
0.485742238789292,-1.06731227204216,-0.205895348343797,0.575379203943235,-0.421596587237751,8271,41.7707282527279, San Francisco
0.758341591083473,0.549030004161491,0.475355367760833,0.495220828766535,-0.0187619999298513,8272,30.5615477169649,San Mateo 
-0.558496618015736,0.599040140802876,2.70613281949275,0.355593250003122,-0.392911308818008,8273,4.31017287292927,Marin 
-0.956250374065726,-0.5794935055301,-0.0356028890650241,-0.157647270483442,-1.25610947654511,8274,38.6018508298119,San Francisco
0.0427179782258361,0.207973909488721,0.689271976155302,0.51822644842334,0.705095906021377,8275,19.888654201403,San Mateo
0.106765895604862,0.509480017572138,1.34380313095608,1.43378205821152,-0.733851217722868,8276,34.9697930554741,Marin County
0.810849450886244,-1.10542339737993,0.976507814295446,-1.09902445299618,0.0544562522202995,8277,50.7090694587328, San Francisco
0.200598935679029,-1.13519208481522,0.633719529713977,-0.681071034815837,0.941984632511963,8278,8.26381525312082,Marin 
0.751570395719497,-0.206589102442732,-1.33519280172528,-0.705277394745759,3.22493433123982,8279,16.5411700915193, San Mateo
2.43085263059585,-0.450880972499958,0.684400153416473,-0.0734556731291907,0.447503017461045,8280,19.337983109706,San Mateo 
-1.5776229082501,0.56017772750822,2.75770874937865,-0.436997455769775,-0.250555320877206,8281,21.9036909940011,SF
0.151773313067201,1.1388645490529,0.068387281091541,-0.607587896549978,2.9120767819944,8282,24.6740298208287,San  Mateo
1.07527073794782,0.540048558153703,0.947809407818338,0.834391419594871,1.08485171507543,8283,13.1160300086606,Marin County
0.484794976308364,-1.47141070192389,-0.137036399661721,0.126185202335092,0.544621056854585,8284,41.9215860617516,Marin
0.185568502373565,0.160325311112888,-0.0754374945659681,-1.17474281559746,1.45954436744954,8285,5.43933054585204,San Mateo
-0.827612402021177,0.583463976843447,0.98676513253083,-0.259336937894913,-0.853488706189875,8286,45.4690176772527,San Mateo
-1.03064899475597,1.30511294966933,-1.50459435583261,-0.412977550702492,-0.218095902376607,8287,59.4350590674154,San Mateo
0.890443641580717,1.87374422574798,0.213629903260048,-1.81848164124899,-1.13539997361161,8288,38.5053911476446,San Mateo
0.494215863444926,-1.76172151479532,0.157865124594391,0.598681379433203,0.895510733132989,8289,6.44106077829611,SanFrancisco
0.658813261834297,-2.13143565870564,0.459443251308542,-1.92505761601851,0.446047249174665,8290,5.5419953515445,Marin County
1.90824311658391,-0.727198948362933,-1.5586181022714,-0.382617125192187,-0.941620107088065,8291,30.4789362487306,SF
1.21225283607149,1.96193526052716,1.03931928277207,-0.333359803989972,-2.10140847823655,8292,31.1805393072594, San Mateo
-0.625223904668519,-0.751696764854644,0.25380949519306,-0.0834599248074168,-0.0270257939599475,8293,42.2059903403241,Marin 
0.644938630297451,1.78579192298952,-1.53395925783872,-0.392756382865434,0.122638119189374,8294,25.8422787826087,Marin
-0.255714869885209,1.73198509752637,-0.238852957316246,-0.388215540861284,-0.771796827230247,8295,20.6265864982578,Marin
0.254481074435267,-0.404560824406755,1.82950998097569,0.0230287500013042,-0.634307707713667,8296,78.0879357080386,San Francisco
-0.249838423083195,0.39591901428794,1.02637487228307,0.0140645622828057,0.633954789845465,8297,21.6446372391071, San Mateo
-0.721703122579309,-0.328775629288832,0.886068663667486,0.68809550006362,-2.46509646304381,8298,30.4868354971735, San Mateo
0.0858925805026402,1.11162021401891,0.133172679606333,-0.382375856282527,-1.62076992870647,8299,31.3227296872986,SanFrancisco
-0.170399980195384,-0.675072884663825,0.820935118804336,0.625870985071702,-1.29460489893608,8300,44.4566439783205,San_Francisco
0.817473405705659,0.856030811203382,-0.797000396693766,-0.161529088436011,-0.410989556357237,8301,16.1305864024527,San Mateo 
4.57431690690034,-0.738533469852729,0.858378358383921,-1.02736523462736,-2.00363761560418,8302,11.340047031075,San_Francisco
-0.997654211973999,-1.48412146932511,-0.416959454746226,-1.09644105805391,0.295231751572886,8303,-5.89550824196098,Marin 
-1.09952416475979,0.856376994841649,-0.302326054218564,-0.297909956492676,-0.574754385398737,8304,22.1960240956011,Marin County
0.436485042987692,-1.51259869044793,0.612273446036041,-1.0075244238513,2.00108347887752,8305,30.7626325517364,Marin 
0.166864251578768,-1.10280151130478,0.501240304971308,-0.629630793370771,-0.141942221354889,8306,-8.81359724027228,Marin 
-0.421661940641732,2.17202315042604,1.37244105448325,-0.282557486765473,-2.3623553571882,8307,25.1983881074346,San  Mateo
0.0123970141457202,-1.93528079057858,0.548222700036107,0.417378971775672,1.58469590250174,8308,84.1864141215529,San Mateo 
-1.05106286093937,-1.95952270383061,-0.179667156751383,2.36079442572298,-1.36502068423578,8309,41.9398080342629,Marin
1.29255107437433,0.824531032165831,1.51066189953701,0.800059832275448,1.01370877778033,8310,29.7480902278488,San_Francisco
-1.51974361993521,2.56601057724094,1.0959922679012,-0.717365035177251,-1.23464198726203,8311,-8.33733312465348,Marin
0.237268557322188,1.71820579516793,-0.671297831462177,-0.322551729023794,-0.0570662304991116,8312,6.48849136974648, San Francisco
-1.15686687637062,-1.44722923563417,-0.123462819500539,-0.942321005914339,0.591439745091535,8313,10.0353465572184,SanFrancisco
-0.224267069508294,0.148582595955492,0.991045386307864,1.23102033658567,-0.103421329961842,8314,37.1078356700315,San Mateo
-1.24682917533019,0.67797178067957,1.60957584162014,-0.475618256533168,1.07977603560094,8315,29.1361242720283,Marin County
-0.375399113314849,-1.38366480649007,0.151871548873221,-1.08424568131889,-0.280405269029386,8316,17.9707875135439,Marin County
0.734932692694427,0.241493241847803,-0.980048107247933,0.645679669506147,-0.852069165489356,8317,-0.980326743816775,San_Francisco
1.42992365752391,0.189292142976989,-0.0293613534713616,0.808353611286485,-0.511728990363568,8318,36.189854733289,Marin
0.511392255135297,-0.969675090083607,0.514741352245523,0.919590245193188,-0.779853057781402,8319,21.2673713090182,San Francisco
-0.846781501774038,-0.569132458794613,-1.35147155208382,-1.05572336175412,-0.870234513256605,8320,29.3298807615369,San Mateo
1.21998607493218,0.336733097637071,0.102611338836947,1.64534547166859,-0.103119343332247,8321,38.1739935039812,SF
-0.27748295916003,-0.142613755122262,-0.324053003577273,1.21418202165316,0.670720923679623,8322,20.0034705795589,Marin County
0.531010277503708,0.798718178457311,-1.98716436018448,-0.0458319500686799,1.64932346331516,8323,33.5133764190214,Marin County
1.04704069663297,0.71444014592619,-0.894149020807988,0.579266773416984,1.25853956591304,8324,39.095799614932,Marin
0.422495476186845,0.959398251914062,-0.312308568492539,-2.69715260309274,0.8575921724127,8325,32.4877580858829,San_Francisco
-0.295178039717202,0.446963948750575,-1.25621556766892,0.257377115890925,1.60067584493163,8326,9.84309189422079,Marin County
-0.327826244312436,0.00600600100585325,-0.848228122577814,-0.476191922469853,-1.35320555816411,8327,50.9865981715363,Marin 
0.99202119698597,-0.954694376793734,-0.364454719558188,0.0672521159552733,-1.21530284149114,8328,7.18163119577659,SanFrancisco
-0.371665108344134,-0.649214902911461,-0.513183213068377,0.397508850359806,0.453503057249878,8329,54.5341074426373,SF
-0.0798442668266791,-0.363402395788827,0.531179874310749,0.895281134554054,0.0610147232439905,8330,14.0069231871466,San Mateo 
0.942123022104352,1.18449731824685,-0.946713860030759,0.675388837613046,-1.83658985979671,8331,10.8133389023392,Marin
-1.66810126656559,1.85674984376925,-1.21812031267059,-1.99697696412066,0.467287244368956,8332,7.96532908607163,Marin County
0.133921805375822,1.1539828110955,-0.789837457040485,1.62042879371995,0.121572654473256,8333,2.20339312762131,Marin 
-0.433625526936014,0.566119655203528,-0.137898242596793,0.65353171066009,-1.18167520453134,8334,27.446697057507,San Mateo
1.47414778666473,1.80697458256247,-0.205336678907443,0.0697492049186145,0.740084566989757,8335,24.1367263159844,San Mateo
-0.970024201317528,1.32844278170503,1.05987277968904,0.723119784420439,0.51301394043314,8336,12.7696373515431,San Francisco
0.0151930115389625,-0.824978966318232,0.528255305451098,-0.202891910508405,0.777820149737335,8337,40.9541347084757,Marin 
-1.46945802253131,-0.858112986127636,0.635695370887841,-0.851514751746539,-1.6190137395032,8338,15.1076505633785,SF
-1.45097234393084,0.158172464529081,-0.780252218787826,-0.429053365887356,-1.14557855984284,8339,18.9779097144847,Marin
0.577822282138952,1.10539802646915,-0.0194638696328582,1.07745924546521,0.464001760904407,8340,56.1569070447882,San Mateo 
0.0373639250439903,0.248649368293733,1.28814632733746,0.462653614144659,1.05950068015905,8341,51.6475221655374,SF
0.519088713198375,0.787325251562184,2.15026501844139,0.52478840384256,-0.497715393351612,8342,2.05474121500697, San Mateo
1.3251471390489,0.0440776150299926,0.47876852208284,-0.637610573348977,-1.10562588887811,8343,35.3653698029831,San Mateo
1.90413584035379,-0.427246544872253,-0.214196318909959,0.42646730263892,2.20285483599652,8344,11.8967840915582,SanFrancisco
-0.35961719042625,-0.529940270077554,0.552273560877615,-0.936246338871246,0.850120489479332,8345,31.9618302827291,San  Mateo
-0.542493846277476,-0.942486579047142,-0.341798829294799,-1.7246246744934,1.7742934945563,8346,23.9668994285672,San Mateo 
-0.316479568263005,0.136751162836031,-0.600775595999148,0.0790573100327158,-0.446101933698935,8347,43.5065333696062,San Mateo
0.533762319485849,-0.86392632944872,0.438924363385317,0.237841180371687,-1.13061614711502,8348,27.1388987226389,San  Mateo
-0.658420231711091,0.975381580466882,0.992996470145452,-2.18027292426771,1.17902188293819,8349,23.8531315112806,San_Francisco
-0.216950567870953,-0.0603142267696703,-0.344264162754062,-1.40638634746084,-0.951547214615583,8350,36.783036338492, San Francisco
0.649646668537872,-0.325692034398347,0.283828141363878,1.12872051374025,1.22352202886486,8351,26.0176699405964,San_Francisco
-2.23864761157487,-0.256235617677978,0.842508727381275,0.0912632948358935,-0.665719829918226,8352,55.2665616557611,San_Francisco
-0.833946056504994,-0.276449584531284,0.0546465580699288,1.47125291938144,0.695444077868867,8353,22.9059125446227,San  Mateo
-0.809511368726982,1.36288582726087,-0.358406956158939,0.338339130701532,0.785890142420907,8354,36.1145768412092, San Francisco
-0.0464257684617424,0.560197376751256,0.958340692719689,-1.02223017700674,0.292525978923191,8355,41.2882469718124,Marin 
0.388290580166684,1.67540922414437,-0.383904440905327,1.19869036734935,-1.02351673758129,8356,35.3740679452513,San Mateo
-0.485419585245291,-0.102502711436322,0.0361398089515262,0.431533764838808,-0.685741491992019,8357,-11.3160715122844,Marin 
0.046845521172412,-0.268847537773293,-0.860117398059562,0.615883436866638,0.582706443653355,8358,29.7883376233046,Marin County
-0.519267233105409,-1.6474487019055,-0.605629046295619,1.14916107246768,0.187396770979125,8359,26.423606940563,San Mateo 
-1.3244183625488,-0.406272631072029,-1.48560368721278,-1.06930873671552,-1.13886972750602,8360,18.3127967438136,Marin 
-1.5328024683117,-0.0835486184764045,2.18899593241069,0.255916685912896,-0.763968684029505,8361,16.5470254371199,San  Mateo
-0.399497766207611,-0.535611547815337,0.897358685385292,1.78361913682404,-0.477835809181509,8362,31.576477091925,San_Francisco
1.20685225061194,-0.47494525191969,0.807233672216162,-0.392595879999008,0.854772953034173,8363,35.4785277542838, San Mateo
-0.186924077140644,-1.21079945279316,-1.07678037584726,0.0080329780915905,0.693045487267369,8364,28.8858921192428,San Mateo
0.0952641279978857,0.220659291112161,0.711938862346029,-1.19546254585609,-1.65931556547028,8365,43.440721416963,SF
1.42184505089899,0.252031153097402,0.102301416302333,-0.188034504933201,2.30191946585463,8366,13.531344513883,San Francisco
-1.22544270554046,0.515713605766288,-1.33368097840799,1.66152567157516,-0.993750828251277,8367,65.7894417784559,San  Mateo
-0.15860009448428,2.10384835816396,1.35422948778269,0.634322400839258,0.277657847984385,8368,50.8299069776831,San Mateo
-0.890500042837019,-1.55363194343548,1.05554482561939,0.0249583406441733,-1.32197037636283,8369,32.1504871118657,San Mateo 
-0.697517081940016,-2.57207630109723,0.507157212575204,0.231624078149225,-1.92993121823328,8370,43.6589822882003,Marin 
0.821909638076136,-0.693197026272359,0.0466501033262124,0.823254509661103,1.31666717294543,8371,29.1319805184231,Marin 
1.11139519649514,0.00852768258497388,-0.982900353415068,-1.54472527592934,-1.55352580958193,8372,-3.14138403587443,Marin County
0.0724855731857883,0.47495426801773,0.879363110280912,-0.425015269182521,-1.40823468608754,8373,67.9086918683759,Marin
-0.476536173877049,-0.239082771876953,0.74442672775957,-0.46447611668046,0.986426872320436,8374,51.3121190090233,Marin
1.09990814444605,0.855753795341899,-0.31217797933156,-0.285837150011358,0.185583246858205,8375,-5.21534008205665,San Mateo
-0.0755812661177164,-1.38136814774143,-1.67172119362569,0.982960315652409,-1.01219138216779,8376,27.5913910356804,SanFrancisco
1.06513146713033,-1.77212395759535,-0.561469002485689,-0.49719467853652,-1.20185904749257,8377,7.59476713490096,SF
0.38875399949573,0.330642867052635,1.16961713310412,0.405230591137297,0.185266192706013,8378,-23.6153033557862,San_Francisco
0.648975712570027,1.05617538868815,0.72848583928898,0.178814413818102,0.0173649668020984,8379,34.1935217787794, San Mateo
-0.0471066782465971,-1.4482410975855,0.554594076345223,0.203969870766111,-2.3247640113878,8380,28.1101552991474,Marin
2.01792450131067,-1.01984663355383,1.11073834361499,-0.768476537555407,1.19606671628685,8381,61.6641369488184, San Mateo
0.159833733146244,-0.53433397491362,0.909367302924409,0.576401904530681,0.206192121904484,8382,-10.4246905082867,Marin County
0.144881901306453,-0.908999287447386,-1.49103082717704,0.45485521986142,0.0513044361416551,8383,36.1571951458066,Marin 
-0.724168778073313,-0.886571121414173,-0.0856036094542376,-0.225572711204276,1.21479837307003,8384,35.7413104216626,SanFrancisco
-0.356350181013426,-0.161593756826073,-1.29659295640945,-0.164182872555086,-0.623509937865279,8385,20.4623352241947, San Mateo
0.078724206135753,-1.70058780827798,1.0565228643058,0.165138456502775,1.64194870660995,8386,-3.60527838231128, San Mateo
0.689375567328418,-2.03231719029258,0.466787071844806,0.711296661874426,0.300096709335433,8387,11.8702081274279,San  Mateo
0.284975017090478,-1.07695926701904,-0.0515630150855655,-0.0391190869835889,0.472400867781885,8388,7.73070154544175,SanFrancisco
-1.84580481534688,-1.98272353769242,-1.31137830348686,-1.32840998814686,1.50387173545371,8389,22.2882573949317,San Mateo
1.43092789563056,0.339494884816092,-1.49608394733747,1.05279471538623,-0.590751147500186,8390,48.3686223320196,San Mateo 
-0.389569890436366,-0.0216659791408636,1.67856409317214,-0.664286973122975,-0.156479756962977,8391,28.2175683752993,Marin 
0.036565815591563,-1.29718846752587,-0.688614894052882,-0.239657346304202,-2.22798494141688,8392,17.4132206800928,San Francisco
0.609452248872229,0.23078731716424,0.477869064395105,-0.222846919384129,0.0475638365139122,8393,55.5215394248665, San Mateo
-1.32030216748566,-0.265986526251444,1.36131961350265,0.0140232187340149,-1.02912541620453,8394,5.38049897096467,San Mateo
-0.712405124174259,2.59682104543683,-0.672973628250469,-0.460858225894167,-0.109288311784164,8395,6.00288540104665,SanFrancisco
-0.883526813057874,0.569082910537059,1.16005591950669,1.83069236572804,-0.126671442925157,8396,-3.59518023434936,SanFrancisco
-1.11494029050111,-2.17856059776875,-1.01340362417805,0.237830728154343,-1.05310260428753,8397,46.3863416269254,San  Mateo
1.42199183131298,-0.335169318289414,0.334873678354273,-0.135069714397183,1.65744777083898,8398,43.3557399410152,San Francisco
0.745567902434543,0.306899232986196,-0.32162908914413,-1.08688880161467,0.788862263214435,8399,29.9324202097197,San  Mateo
0.229317568678639,0.990543942146286,-1.39175943140247,-0.409292774921706,0.62964135752139,8400,2.51422591839477,Marin County
-0.527218168941823,1.4201430731898,0.719653477753564,-0.605219250362308,-0.161678126868839,8401,25.0888739424342,Marin
0.428993465079238,-1.3033343352619,1.04653637135036,-1.24415262770051,-0.610628712773615,8402,3.82291160399683, San Mateo
-0.603202465936909,0.0594201241344779,1.63027242530825,-0.389500645968154,0.355972444420807,8403,13.3021519376093,San Francisco
1.87921279366943,-1.30651332754938,-0.767136775575284,-0.461892336512515,-0.284761933030881,8404,21.630895408044,San Mateo
0.83535979449678,0.324044655923987,-1.37770130362172,0.0529481300603765,2.11581166417231,8405,26.8554718550613,San  Mateo
0.59790313857822,0.11532807957497,-0.0797223958718572,-2.49345365488403,-0.428086111834099,8406,40.3101338886474, San Mateo
-1.05196647734466,1.26285927160565,-0.858184339924138,-1.98149014062287,-0.310871891995615,8407,28.1380573682016,San Francisco
-1.00188976061099,-1.8078454299917,-0.250829162081759,-0.656716176411282,0.87994284356787,8408,28.299467393566,SanFrancisco
0.0791434560510771,-0.336036828281552,1.02165076102252,1.81188300119793,-0.237988502563163,8409,34.6727461693822,Marin 
-1.27056733720202,-1.21478314394985,0.36343986954865,1.28160100086443,0.0767394579671811,8410,38.2749431487434,San Francisco
1.46036684456459,1.28908513867977,-0.264287465587235,-0.333202530920819,-1.22215532126082,8411,54.1173865869549, San Mateo
-1.1528678155221,0.900434394973417,2.6934337430417,0.0767720529668858,-0.574035709409431,8412,36.2703705275779, San Francisco
-0.640292226437492,0.103530281239518,0.347430244521572,-0.336607045309378,-0.563402187281718,8413,23.8888228967043,San Mateo
0.276454814065486,-0.0466419097666731,0.165445849924264,0.527011365531522,1.45605223588749,8414,13.0395141655945,San  Mateo
-1.33859493753883,1.60291411030757,0.550756129719881,0.406735177901273,0.754216850358033,8415,32.9812316209028,San Mateo
1.23212478706111,-1.4616271142167,-1.12376456694851,1.22875934091195,0.669450125639569,8416,36.0511155205223, San Francisco
-0.509465619029538,0.380300138817152,0.480877486694552,-0.571846235162163,1.48209408468455,8417,36.7850235830989,SanFrancisco
0.275890904276171,-0.954410518806335,0.213595438220401,-0.0401686293821151,-0.197160045953972,8418,42.6540787688503,San Mateo 
-1.01232396695076,-1.05244224363789,-1.038193018812,0.261572843234048,0.296183654379006,8419,19.4102225941637,Marin 
-0.664525665183722,0.101940209761779,-3.5123827952923,0.804870821341067,-1.24920373027405,8420,32.361148366709,San Francisco
0.726952494913001,-1.07321685303565,-2.00553060431186,-0.209897323720326,0.581441986720915,8421,67.5474830658302,SF
-0.320996159765691,1.51177033529452,1.77465890313852,0.631390898474604,-0.479519443702969,8422,60.3814517296696, San Mateo
0.402901902837965,-0.728013894586183,-0.762911242076649,-0.795102863443475,0.500749292935935,8423,33.3828414741114,San Mateo
-1.61739320112536,-1.75693532282353,1.4223089458231,0.0991527650955033,1.91462627264541,8424,22.9985480271629, San Francisco
0.208616829678991,0.0480280588996212,0.110309189734819,-0.725021504963681,-0.0049225224976509,8425,13.1198778395594,Marin County
1.62667003830556,-0.242704778484699,0.218872674542534,0.913927620279102,1.35602454922484,8426,-5.96172333345702,SanFrancisco
-0.427401105444342,-0.906785848701595,0.710560946031503,-1.23814887997339,0.513660579354175,8427,42.9978306201627,Marin
0.369476729986555,0.603471315675021,0.424492831564071,-0.109142236261064,-0.198912828131468,8428,32.911653222437, San Mateo
-0.614232339322717,-0.0598884239697687,-0.406842594897877,0.782138735027822,0.414276854915805,8429,46.0060587943413,San  Mateo
0.434750413997697,-0.67108672684745,-0.54972947481857,0.271334566822706,0.588552279314476,8430,26.1581988173136,Marin
-0.727465031439091,1.2891827430757,0.183906820361486,0.421941218075153,-0.701873782475287,8431,45.1280407880977,San_Francisco
-0.329893636123911,0.284668425447723,-0.385276457648132,0.337430896847927,1.04317842779905,8432,7.82551712935906,San Mateo
-0.524085564807833,-0.315515025281,-0.312218153124287,0.943517520532117,-0.787642537107932,8433,27.4807851819985,SanFrancisco
0.829732552720434,1.27523503444462,-1.32328154901966,-0.111119285563128,-1.90913173516984,8434,36.7523962650863,SF
0.805963865649534,1.36106453717718,-0.161449598154069,0.0310949390448468,0.342006341282416,8435,-3.02959490305243,Marin 
-0.69747960924576,-0.224281174789236,1.59275464769231,1.05191131562127,-1.49055733928894,8436,-3.25517310196267,Marin County
-0.194143809383147,0.588723271586668,0.296217035754223,0.146600503289297,1.31234884388971,8437,44.8292066172042, San Francisco
0.099990030117937,0.33138905965177,-2.3684041437226,1.9925717536773,0.38888936390846,8438,3.22089690069816,San Francisco
-0.875652589610352,0.587088245756864,1.36255484381984,-0.285265927436368,-0.72266991858913,8439,60.8550386748846,SF
0.419235836898862,-0.87101174763606,-0.321099676794314,-0.722823459340526,-2.48603980675151,8440,19.4824079137508,SanFrancisco
-1.50498257968783,0.296069455565312,0.394968579328599,0.907327217621831,-0.577311362560188,8441,42.5050677371625,San Mateo
0.362800602163877,-0.409830844122716,-0.72627242487406,0.797904038847417,0.214823748164434,8442,8.98083635750023,Marin
-0.208824372622439,0.895131624341384,2.62691151729311,-0.315900047391679,-0.32889306856538,8443,54.4208644053993,Marin County
-0.441333226419572,-0.362242796143718,-0.0520963304208676,-0.93199454098948,-0.645560923298379,8444,47.7709258490372,Marin 
0.246101839543966,0.936503974020862,0.15601175035658,-0.0542625689823574,-0.648130915575407,8445,56.4524572319253,San_Francisco
-1.15336434831505,0.199086904908286,-1.23169093724469,1.15050385780101,-0.880468936670034,8446,48.4962409056464,SanFrancisco
-0.160598556387616,-1.43027415069612,1.67350451465882,0.358561332528618,-0.746028982951143,8447,26.5708364941137,SF
-1.54692339840864,-0.960069789459536,1.15647516225713,1.64020468985683,-0.358451603961656,8448,-18.2822900559876,SF
-1.3233316247534,0.0633706249859514,-1.24042869097167,-0.447304548371966,2.20309015106406,8449,13.8476856368794,San  Mateo
1.39583525345207,-0.0515948486347624,-0.0226070913103046,0.528616598390031,-0.427389464438269,8450,67.0853788135013,San Francisco
0.225810765413474,0.684566330923817,-0.165576562525355,-0.420699031068013,-0.977524976877111,8451,30.0222827046948,San Francisco
0.952635691778575,0.367680839970094,0.662286587039949,-0.0214312195984633,1.62903559887437,8452,37.8744673718974, San Francisco
0.75814377538582,1.25627229271931,0.407190404059174,-1.46113718134479,-1.28877699028397,8453,11.8089926044649, San Francisco
-0.640047459311416,-0.424775261199128,2.62092814794257,1.72827024445955,0.290810381169948,8454,36.134327362076, San Mateo
-0.475307537731099,-1.0269501322334,0.247268059057914,-0.62673851341907,-1.0279703331934,8455,7.70532477577911,SanFrancisco
-1.65078275480682,-0.34867022283159,-2.26800963752892,0.0766826042959,-0.269174860526997,8456,39.6504872131442, San Francisco
-0.162968997161422,0.538902137504903,0.0352346438811894,-1.07398971678426,0.143406108500574,8457,35.602442377322,San Francisco
0.567622178224347,0.437717044603636,-0.283103225511174,0.443312021741266,-0.0026698156805422,8458,21.0577385048349,San Francisco
1.22016720941158,0.118826267190017,-0.761155997834841,1.24836828481894,1.21837513051836,8459,5.45478746705462, San Mateo
1.90883036463553,0.190259225860279,0.0437184750096093,-0.200953631139608,0.159667155380871,8460,36.1627976313161,SanFrancisco
-0.989808326018431,0.647250005940784,0.238792647839562,-0.314334109712009,0.163482064851049,8461,12.9906158939935,SF
0.580640993575775,-0.74147328428656,-0.00839516175347075,-1.31806335299043,1.37398919035283,8462,47.6564983197708,San Mateo
1.43952029005698,-0.611338467772023,-0.837187563002084,0.0979317371454878,0.24871111875928,8463,43.4484919892716,San Mateo 
0.0369984479625868,-0.21717722191402,-0.28417495655305,-1.23701562877992,0.610941915609153,8464,48.2277201255217,San Francisco
0.647675150964835,0.817752392136763,-1.18655866969599,0.620380324202345,-2.37562636961275,8465,24.9743860874943, San Francisco
0.12874730557824,-0.0977870687378151,-0.692218161302093,0.563739016946426,-0.0842722465375799,8466,11.5939391394054, San Mateo
-0.663651570574789,-0.686968098796046,1.36342797630832,-1.20840904863411,-0.436913335773689,8467,-0.0384478579569922,San Mateo
0.768884999045641,3.14466395753087,-0.764213887025508,0.0972926225014594,-0.900365915878676,8468,22.4805227868088,San Francisco
0.463455670284795,-1.42221737661609,1.48104672439856,-0.296892287683396,-1.07122376700588,8469,42.3959668375367, San Mateo
2.41893681972061,-0.111563005439861,0.509890817028449,-0.30924497838201,-0.49390232132837,8470,76.497677809236, San Mateo
-1.32164015213519,0.707145781893128,0.997633593022872,0.620531272713892,-1.54750763765137,8471,48.6614245490793,SF
-0.414802934503485,-0.438052626592618,-1.72470179866286,0.0248459928591433,1.67213985893768,8472,69.6995160894622,San Mateo
1.197926645522,1.86633988425841,-0.499768603089969,0.627668845574658,-0.581402127999108,8473,30.2032742189377,San Francisco
-0.665348429553138,-0.0660112865206369,-0.0701447535612321,2.73807053256929,-2.50282813832006,8474,-0.160943682086454,SanFrancisco
-0.173229235414542,0.145888360037791,0.721961113840289,-0.518157949510461,-0.537214168004217,8475,19.32324556803,San  Mateo
-0.645728573056964,-0.733348434831568,0.0177061089877417,0.681792147385014,0.586101034652619,8476,36.9922795109497,San  Mateo
0.301106519828968,1.76144202698112,0.151238604175667,-0.70813605258492,0.607161828215706,8477,41.1985187212123,SanFrancisco
-0.867792867336713,-1.40044827681829,-0.909427702118328,-0.47891814984344,0.0634528744412391,8478,40.7822812423514,Marin County
0.129682167663934,-0.482115565233325,0.241436322611814,1.24645098742271,1.44090146760789,8479,22.2314356088641, San Francisco
1.15287912350442,-0.293142830335109,-0.928977342726153,-0.0319234526668251,-0.340264948073843,8480,-10.3444728473505,San Mateo
-0.797266527796359,0.338847628164267,-1.41332696687644,-0.434424618037333,0.900035093195376,8481,16.3984893941516,SF
-1.37567574133682,-0.310654188908228,-0.511186614289228,0.736412754172759,1.09263951209399,8482,59.4567640394426,Marin
-0.0911344992372229,1.34569731517012,-0.367238323070428,-0.0534741049589143,-0.308854583227007,8483,25.9186141142334,San  Mateo
0.212987508379124,-0.91054489274628,0.137340555550172,-0.0646495982125768,1.2632193259694,8484,27.6634770654675, San Mateo
-0.0925686123308538,-0.453083073794979,1.2745421921503,0.687692026633382,0.759704408104192,8485,7.57261665576631,SF
0.638418096995459,-0.52369845587647,0.316506700162685,0.377544768566276,2.14465783517401,8486,37.0935408045739,SanFrancisco
-1.84431310273295,-0.128225088570859,-0.530443413273585,1.77222005628008,2.5043921798396,8487,27.5738432398755,Marin 
-1.02144763387236,-0.666216087008841,0.486188621033128,0.3251735351054,-1.4563268794725,8488,39.8364364427782,Marin
-0.727832962068544,1.14179197187417,-1.64214084082918,-0.980625554756161,-0.605159904049849,8489,33.2364994179288, San Francisco
1.10477682435353,0.437636552160628,-1.09671193583439,-0.74478769982401,4.54429140199146,8490,19.8074169649567,San Francisco
-0.980734944507326,-0.472554069062922,-0.827382809535362,-0.181957669637962,0.719830656676192,8491,1.6727226862356,San Francisco
0.867965135496338,-1.4067991331978,-0.694982125485969,-0.48989711634015,-1.52721145176101,8492,31.3713124531717,SF
-0.21963326279029,-1.54278647978191,0.423392286692437,-0.923009129875784,1.05880873010453,8493,20.5489699872515,San  Mateo
-0.949818716063849,-1.58661067054819,0.159777901674591,0.671836236074836,0.991022981803457,8494,8.15638292210121, San Francisco
0.680612796638321,1.44386900246648,1.83038335820488,-1.59661405798996,-0.584717403861853,8495,63.5893047777742,San Mateo 
-2.78423895707239,-1.09490443532458,-0.990290516011188,-0.875833615852347,0.371834433459352,8496,76.8575322982894,San_Francisco
-0.791909900890369,2.50215659060977,0.668725782272059,-0.0537520643616757,-1.29381482911496,8497,16.0619975123354, San Francisco
-1.03007143075374,-0.476735680085093,0.353951296719862,0.201610192777331,-0.874784432679068,8498,36.7311616153299,SanFrancisco
-0.584488076500369,-0.253733894955023,-0.384633899747899,0.0974026132136818,0.679585382082837,8499,8.24145028142047,Marin 
0.886406897734776,-0.553794190749977,0.677390821876973,-0.708458038889702,-2.22505678736458,8500,68.1004372010633,SF
